<?xml version='1.0' encoding='UTF-8'?>
<?artifactRepository version='1.1.0'?>
<repository name='file:/Users/msuarez/workspace/projects/labs/anypoint-platform-exchange-connector/target/update-site/ - artifacts' type='org.eclipse.equinox.p2.artifact.repository.simpleRepository' version='1'>
  <properties size='2'>
    <property name='p2.timestamp' value='1449409106238'/>
    <property name='p2.compressed' value='false'/>
  </properties>
  <mappings size='3'>
    <rule filter='(&amp; (classifier=osgi.bundle))' output='${repoUrl}/plugins/${id}_${version}.jar'/>
    <rule filter='(&amp; (classifier=binary))' output='${repoUrl}/binary/${id}_${version}'/>
    <rule filter='(&amp; (classifier=org.eclipse.update.feature))' output='${repoUrl}/features/${id}_${version}.jar'/>
  </mappings>
  <artifacts size='2'>
    <artifact classifier='osgi.bundle' id='org.mule.tooling.ui.contribution.anypoint-exchange.3.5.0' version='1.0.0.201512061038'>
      <properties size='3'>
        <property name='artifact.size' value='1579200'/>
        <property name='download.size' value='1579200'/>
        <property name='download.md5' value='1d84422c706f047f194979c0d5d70cd0'/>
      </properties>
    </artifact>
    <artifact classifier='org.eclipse.update.feature' id='org.mule.tooling.ui.extension.exchange-connector.3.5.0' version='1.0.0.201512061038'>
      <properties size='4'>
        <property name='artifact.size' value='668'/>
        <property name='download.size' value='668'/>
        <property name='download.md5' value='8a469f4ba9959b2a021d0a88b640baf9'/>
        <property name='download.contentType' value='application/zip'/>
      </properties>
    </artifact>
  </artifacts>
</repository>
